polymarket_market_id,betfair_market_id
903193,1.176878927
903211,1.233466207
903665,1.229999165
903679,1.233887079
903683,1.233887116
11413,1.205526560